{"cameraMode":{"drawMode":0,"name":"Shaded","section":"Shading Mode"},"sceneLighting":true,"audioPlay":false,"sceneViewState":{"showFog":true,"showMaterialUpdate":false,"showSkybox":true,"showFlares":true,"showImageEffects":true,"showParticleSystems":true},"in2DMode":false,"pivot":{"x":7.3844990730285648,"y":2.6448557376861574,"z":15.428683280944825},"rotation":{"x":0.09247294813394547,"y":0.35890233516693118,"z":-0.03576013073325157,"w":0.9280970096588135},"size":4.041658878326416,"orthographic":false}