{"cameraMode":{"drawMode":0,"name":"Shaded","section":"Shading Mode"},"sceneLighting":true,"audioPlay":false,"sceneViewState":{"showFog":true,"showMaterialUpdate":false,"showSkybox":true,"showFlares":true,"showImageEffects":true,"showParticleSystems":true},"in2DMode":false,"pivot":{"x":8.931086540222168,"y":1.4383995532989503,"z":0.043820105493068698},"rotation":{"x":0.05903566628694534,"y":0.48966243863105776,"z":-0.03325481340289116,"w":0.8692772388458252},"size":4.041658878326416,"orthographic":false}